Countries,Indicators,2020,2021,2022
Algeria,Current Health Expenditure (CHE) per Capita in US$,211,209,180
Algeria,Current Health Expenditure (CHE),"9,296","9,334","8,172"
Algeria,Out-of-pocket (OOPS) as % of Current Health Expenditure (CHE),40,40,50
Algeria,Out-of-Pocket Expenditure (OOPS) per Capita in US$,84,84,90
Angola,Current Health Expenditure (CHE) per Capita in US$,56,67,101
Angola,Current Health Expenditure (CHE),"1,871","2,315","3,608"
Angola,Out-of-pocket (OOPS) as % of Current Health Expenditure (CHE),29,26,29
Angola,Out-of-Pocket Expenditure (OOPS) per Capita in US$,16,17,29
Benin,Current Health Expenditure (CHE) per Capita in US$,33,34,34
Benin,Current Health Expenditure (CHE),425,457,466
Benin,Out-of-pocket (OOPS) as % of Current Health Expenditure (CHE),47,49,42
Benin,Out-of-Pocket Expenditure (OOPS) per Capita in US$,15,17,14
Botswana,Current Health Expenditure (CHE) per Capita in US$,386,492,478
Botswana,Current Health Expenditure (CHE),914,"1,182","1,166"
Botswana,Out-of-pocket (OOPS) as % of Current Health Expenditure (CHE),5,4,4
Botswana,Out-of-Pocket Expenditure (OOPS) per Capita in US$,19,21,21
Burkina Faso,Current Health Expenditure (CHE) per Capita in US$,54,57,57
Burkina Faso,Current Health Expenditure (CHE),"1,166","1,259","1,278"
Burkina Faso,Out-of-pocket (OOPS) as % of Current Health Expenditure (CHE),35,35,35
Burkina Faso,Out-of-Pocket Expenditure (OOPS) per Capita in US$,19,20,20
Burkina Faso,Primary Health Care (PHC) Expenditure per Capita in US$,38,42,40
Burundi,Current Health Expenditure (CHE) per Capita in US$,26,23,25
Burundi,Current Health Expenditure (CHE),331,301,329
Burundi,Out-of-pocket (OOPS) as % of Current Health Expenditure (CHE),20,25,25
Burundi,Out-of-Pocket Expenditure (OOPS) per Capita in US$,5,6,6
Burundi,Primary Health Care (PHC) Expenditure per Capita in US$,21,,
Cabo Verde,Current Health Expenditure (CHE) per Capita in US$,235,283,286
Cabo Verde,Current Health Expenditure (CHE),121,146,149
Cabo Verde,Out-of-pocket (OOPS) as % of Current Health Expenditure (CHE),26,21,26
Cabo Verde,Out-of-Pocket Expenditure (OOPS) per Capita in US$,60,60,74
Cameroon,Current Health Expenditure (CHE) per Capita in US$,66,73,72
Cameroon,Current Health Expenditure (CHE),"1,734","1,953","1,989"
Cameroon,Out-of-pocket (OOPS) as % of Current Health Expenditure (CHE),72,71,68
Cameroon,Out-of-Pocket Expenditure (OOPS) per Capita in US$,48,51,49
Central African Republic,Current Health Expenditure (CHE) per Capita in US$,43,46,48
Central African Republic,Current Health Expenditure (CHE),214,236,244
Central African Republic,Out-of-pocket (OOPS) as % of Current Health Expenditure (CHE),50,50,48
Central African Republic,Out-of-Pocket Expenditure (OOPS) per Capita in US$,21,23,23
Chad,Current Health Expenditure (CHE) per Capita in US$,38,38,40
Chad,Current Health Expenditure (CHE),650,670,741
Chad,Out-of-pocket (OOPS) as % of Current Health Expenditure (CHE),70,69,58
Chad,Out-of-Pocket Expenditure (OOPS) per Capita in US$,26,26,23
Chad,Primary Health Care (PHC) Expenditure per Capita in US$,23,22,25
Comoros,Current Health Expenditure (CHE) per Capita in US$,90,100,123
Comoros,Current Health Expenditure (CHE),72,82,103
Comoros,Out-of-pocket (OOPS) as % of Current Health Expenditure (CHE),62,56,44
Comoros,Out-of-Pocket Expenditure (OOPS) per Capita in US$,56,56,54
Congo,Current Health Expenditure (CHE) per Capita in US$,80,79,51
Congo,Current Health Expenditure (CHE),461,467,305
Congo,Out-of-pocket (OOPS) as % of Current Health Expenditure (CHE),25,24,25
Congo,Out-of-Pocket Expenditure (OOPS) per Capita in US$,20,19,13
Congo,Primary Health Care (PHC) Expenditure per Capita in US$,54,,
C??te d'Ivoire,Current Health Expenditure (CHE) per Capita in US$,79,92,86
C??te d'Ivoire,Current Health Expenditure (CHE),"2,284","2,739","2,619"
C??te d'Ivoire,Out-of-pocket (OOPS) as % of Current Health Expenditure (CHE),32,28,29
C??te d'Ivoire,Out-of-Pocket Expenditure (OOPS) per Capita in US$,25,26,25
C??te d'Ivoire,Primary Health Care (PHC) Expenditure per Capita in US$,63,74,
Democratic Republic of the Congo,Current Health Expenditure (CHE) per Capita in US$,21,22,24
Democratic Republic of the Congo,Current Health Expenditure (CHE),"1,973","2,140","2,497"
Democratic Republic of the Congo,Out-of-pocket (OOPS) as % of Current Health Expenditure (CHE),40,39,37
Democratic Republic of the Congo,Out-of-Pocket Expenditure (OOPS) per Capita in US$,8,8,9
Democratic Republic of the Congo,Primary Health Care (PHC) Expenditure per Capita in US$,11,13,14
Equatorial Guinea,Current Health Expenditure (CHE) per Capita in US$,230,237,190
Equatorial Guinea,Current Health Expenditure (CHE),395,417,343
Equatorial Guinea,Out-of-pocket (OOPS) as % of Current Health Expenditure (CHE),75,77,70
Equatorial Guinea,Out-of-Pocket Expenditure (OOPS) per Capita in US$,173,183,134
Eritrea,Current Health Expenditure (CHE) per Capita in US$,28,28,27
Eritrea,Current Health Expenditure (CHE),91,92,92
Eritrea,Out-of-pocket (OOPS) as % of Current Health Expenditure (CHE),49,50,54
Eritrea,Out-of-Pocket Expenditure (OOPS) per Capita in US$,13,14,15
Eswatini,Current Health Expenditure (CHE) per Capita in US$,236,297,284
Eswatini,Current Health Expenditure (CHE),282,358,346
Eswatini,Out-of-pocket (OOPS) as % of Current Health Expenditure (CHE),11,11,10
Eswatini,Out-of-Pocket Expenditure (OOPS) per Capita in US$,27,32,29
Ethiopia,Current Health Expenditure (CHE) per Capita in US$,28,26,27
Ethiopia,Current Health Expenditure (CHE),"3,363","3,184","3,394"
Ethiopia,Out-of-pocket (OOPS) as % of Current Health Expenditure (CHE),33,37,45
Ethiopia,Out-of-Pocket Expenditure (OOPS) per Capita in US$,9,10,12
Ethiopia,Primary Health Care (PHC) Expenditure per Capita in US$,22,,
Gabon,Current Health Expenditure (CHE) per Capita in US$,225,229,247
Gabon,Current Health Expenditure (CHE),523,544,601
Gabon,Out-of-pocket (OOPS) as % of Current Health Expenditure (CHE),20,22,19
Gabon,Out-of-Pocket Expenditure (OOPS) per Capita in US$,45,49,46
Gambia,Current Health Expenditure (CHE) per Capita in US$,27,25,29
Gambia,Current Health Expenditure (CHE),68,65,76
Gambia,Out-of-pocket (OOPS) as % of Current Health Expenditure (CHE),17,21,20
Gambia,Out-of-Pocket Expenditure (OOPS) per Capita in US$,5,5,6
Ghana,Current Health Expenditure (CHE) per Capita in US$,97,94,82
Ghana,Current Health Expenditure (CHE),"3,105","3,070","2,729"
Ghana,Out-of-pocket (OOPS) as % of Current Health Expenditure (CHE),24,26,25
Ghana,Out-of-Pocket Expenditure (OOPS) per Capita in US$,23,25,21
Ghana,Primary Health Care (PHC) Expenditure per Capita in US$,55,59,54
Guinea,Current Health Expenditure (CHE) per Capita in US$,41,44,55
Guinea,Current Health Expenditure (CHE),550,605,774
Guinea,Out-of-pocket (OOPS) as % of Current Health Expenditure (CHE),57,53,55
Guinea,Out-of-Pocket Expenditure (OOPS) per Capita in US$,23,24,31
Guinea,Primary Health Care (PHC) Expenditure per Capita in US$,29,30,
Guinea-Bissau,Current Health Expenditure (CHE) per Capita in US$,68,68,66
Guinea-Bissau,Current Health Expenditure (CHE),137,141,139
Guinea-Bissau,Out-of-pocket (OOPS) as % of Current Health Expenditure (CHE),56,60,65
Guinea-Bissau,Out-of-Pocket Expenditure (OOPS) per Capita in US$,38,41,43
Guinea-Bissau,Primary Health Care (PHC) Expenditure per Capita in US$,37,18,
Kenya,Current Health Expenditure (CHE) per Capita in US$,87,94,90
Kenya,Current Health Expenditure (CHE),"4,522","5,008","4,907"
Kenya,Out-of-pocket (OOPS) as % of Current Health Expenditure (CHE),23,23,24
Kenya,Out-of-Pocket Expenditure (OOPS) per Capita in US$,20,21,22
Lesotho,Current Health Expenditure (CHE) per Capita in US$,97,117,134
Lesotho,Current Health Expenditure (CHE),218,264,306
Lesotho,Out-of-pocket (OOPS) as % of Current Health Expenditure (CHE),16,15,13
Lesotho,Out-of-Pocket Expenditure (OOPS) per Capita in US$,16,17,17
Liberia,Current Health Expenditure (CHE) per Capita in US$,76,92,100
Liberia,Current Health Expenditure (CHE),392,486,535
Liberia,Out-of-pocket (OOPS) as % of Current Health Expenditure (CHE),63,63,62
Liberia,Out-of-Pocket Expenditure (OOPS) per Capita in US$,48,58,62
Liberia,Primary Health Care (PHC) Expenditure per Capita in US$,57,,
Madagascar,Current Health Expenditure (CHE) per Capita in US$,17,17,16
Madagascar,Current Health Expenditure (CHE),486,510,497
Madagascar,Out-of-pocket (OOPS) as % of Current Health Expenditure (CHE),31,33,32
Madagascar,Out-of-Pocket Expenditure (OOPS) per Capita in US$,5,6,5
Madagascar,Primary Health Care (PHC) Expenditure per Capita in US$,11,12,
Malawi,Current Health Expenditure (CHE) per Capita in US$,43,48,40
Malawi,Current Health Expenditure (CHE),844,954,816
Malawi,Out-of-pocket (OOPS) as % of Current Health Expenditure (CHE),13,12,12
Malawi,Out-of-Pocket Expenditure (OOPS) per Capita in US$,6,6,5
Mali,Current Health Expenditure (CHE) per Capita in US$,28,31,30
Mali,Current Health Expenditure (CHE),612,686,686
Mali,Out-of-pocket (OOPS) as % of Current Health Expenditure (CHE),45,44,43
Mali,Out-of-Pocket Expenditure (OOPS) per Capita in US$,13,14,13
Mali,Primary Health Care (PHC) Expenditure per Capita in US$,20,,
Mauritania,Current Health Expenditure (CHE) per Capita in US$,54,74,90
Mauritania,Current Health Expenditure (CHE),248,349,441
Mauritania,Out-of-pocket (OOPS) as % of Current Health Expenditure (CHE),62,48,41
Mauritania,Out-of-Pocket Expenditure (OOPS) per Capita in US$,33,35,37
Mauritania,Primary Health Care (PHC) Expenditure per Capita in US$,37,42,
Mauritius,Current Health Expenditure (CHE) per Capita in US$,542,594,591
Mauritius,Current Health Expenditure (CHE),695,760,754
Mauritius,Out-of-pocket (OOPS) as % of Current Health Expenditure (CHE),44,40,44
Mauritius,Out-of-Pocket Expenditure (OOPS) per Capita in US$,236,240,260
Mozambique,Current Health Expenditure (CHE) per Capita in US$,35,45,49
Mozambique,Current Health Expenditure (CHE),"1,074","1,434","1,616"
Mozambique,Out-of-pocket (OOPS) as % of Current Health Expenditure (CHE),10,9,10
Mozambique,Out-of-Pocket Expenditure (OOPS) per Capita in US$,4,4,5
Namibia,Current Health Expenditure (CHE) per Capita in US$,345,414,406
Namibia,Current Health Expenditure (CHE),941,"1,162","1,172"
Namibia,Out-of-pocket (OOPS) as % of Current Health Expenditure (CHE),7,8,8
Namibia,Out-of-Pocket Expenditure (OOPS) per Capita in US$,26,32,33
Niger,Current Health Expenditure (CHE) per Capita in US$,36,35,27
Niger,Current Health Expenditure (CHE),848,867,671
Niger,Out-of-pocket (OOPS) as % of Current Health Expenditure (CHE),44,43,40
Niger,Out-of-Pocket Expenditure (OOPS) per Capita in US$,16,15,11
Niger,Primary Health Care (PHC) Expenditure per Capita in US$,24,22,18
Nigeria,Current Health Expenditure (CHE) per Capita in US$,68,82,91
Nigeria,Current Health Expenditure (CHE),"14,533","17,892","20,289"
Nigeria,Out-of-pocket (OOPS) as % of Current Health Expenditure (CHE),75,76,76
Nigeria,Out-of-Pocket Expenditure (OOPS) per Capita in US$,51,62,69
Nigeria,Primary Health Care (PHC) Expenditure per Capita in US$,39,62,
Rwanda,Current Health Expenditure (CHE) per Capita in US$,58,60,77
Rwanda,Current Health Expenditure (CHE),762,807,"1,049"
Rwanda,Out-of-pocket (OOPS) as % of Current Health Expenditure (CHE),10,10,10
Rwanda,Out-of-Pocket Expenditure (OOPS) per Capita in US$,6,6,7
Sao Tome and Principe,Current Health Expenditure (CHE) per Capita in US$,160,187,180
Sao Tome and Principe,Current Health Expenditure (CHE),35,42,41
Sao Tome and Principe,Out-of-pocket (OOPS) as % of Current Health Expenditure (CHE),12,12,12
Sao Tome and Principe,Out-of-Pocket Expenditure (OOPS) per Capita in US$,19,22,22
Sao Tome and Principe,Primary Health Care (PHC) Expenditure per Capita in US$,99,98,
Senegal,Current Health Expenditure (CHE) per Capita in US$,75,71,64
Senegal,Current Health Expenditure (CHE),"1,262","1,225","1,125"
Senegal,Out-of-pocket (OOPS) as % of Current Health Expenditure (CHE),42,47,49
Senegal,Out-of-Pocket Expenditure (OOPS) per Capita in US$,31,33,31
Senegal,Primary Health Care (PHC) Expenditure per Capita in US$,52,48,
Seychelles,Current Health Expenditure (CHE) per Capita in US$,693,629,695
Seychelles,Current Health Expenditure (CHE),83,77,87
Seychelles,Out-of-pocket (OOPS) as % of Current Health Expenditure (CHE),21,23,24
Seychelles,Out-of-Pocket Expenditure (OOPS) per Capita in US$,146,144,170
Sierra Leone,Current Health Expenditure (CHE) per Capita in US$,48,45,39
Sierra Leone,Current Health Expenditure (CHE),379,363,325
Sierra Leone,Out-of-pocket (OOPS) as % of Current Health Expenditure (CHE),52,51,53
Sierra Leone,Out-of-Pocket Expenditure (OOPS) per Capita in US$,25,23,21
Sierra Leone,Primary Health Care (PHC) Expenditure per Capita in US$,28,25,
South Africa,Current Health Expenditure (CHE) per Capita in US$,503,593,570
South Africa,Current Health Expenditure (CHE),"30,491","36,442","35,546"
South Africa,Out-of-pocket (OOPS) as % of Current Health Expenditure (CHE),6,7,7
South Africa,Out-of-Pocket Expenditure (OOPS) per Capita in US$,32,39,38
South Africa,Primary Health Care (PHC) Expenditure per Capita in US$,287,,
South Sudan,Current Health Expenditure (CHE) per Capita in US$,47,35,49
South Sudan,Current Health Expenditure (CHE),505,375,545
South Sudan,Out-of-pocket (OOPS) as % of Current Health Expenditure (CHE),40,31,34
South Sudan,Out-of-Pocket Expenditure (OOPS) per Capita in US$,19,11,17
Togo,Current Health Expenditure (CHE) per Capita in US$,53,53,54
Togo,Current Health Expenditure (CHE),457,468,491
Togo,Out-of-pocket (OOPS) as % of Current Health Expenditure (CHE),64,69,63
Togo,Out-of-Pocket Expenditure (OOPS) per Capita in US$,34,36,34
Togo,Primary Health Care (PHC) Expenditure per Capita in US$,30,29,
Uganda,Current Health Expenditure (CHE) per Capita in US$,45,51,44
Uganda,Current Health Expenditure (CHE),"1,989","2,343","2,089"
Uganda,Out-of-pocket (OOPS) as % of Current Health Expenditure (CHE),30,27,34
Uganda,Out-of-Pocket Expenditure (OOPS) per Capita in US$,13,14,15
United Republic of Tanzania,Current Health Expenditure (CHE) per Capita in US$,32,38,36
United Republic of Tanzania,Current Health Expenditure (CHE),"1,934","2,360","2,307"
United Republic of Tanzania,Out-of-pocket (OOPS) as % of Current Health Expenditure (CHE),29,26,29
United Republic of Tanzania,Out-of-Pocket Expenditure (OOPS) per Capita in US$,9,10,10
Zambia,Current Health Expenditure (CHE) per Capita in US$,60,75,76
Zambia,Current Health Expenditure (CHE),"1,144","1,467","1,533"
Zambia,Out-of-pocket (OOPS) as % of Current Health Expenditure (CHE),8,7,10
Zambia,Out-of-Pocket Expenditure (OOPS) per Capita in US$,5,5,7
Zimbabwe,Current Health Expenditure (CHE) per Capita in US$,51,64,71
Zimbabwe,Current Health Expenditure (CHE),794,"1,003","1,135"
Zimbabwe,Out-of-pocket (OOPS) as % of Current Health Expenditure (CHE),10,10,8
Zimbabwe,Out-of-Pocket Expenditure (OOPS) per Capita in US$,5,7,6
Zimbabwe,Primary Health Care (PHC) Expenditure per Capita in US$,34,,
Antigua and Barbuda,Current Health Expenditure (CHE) per Capita in US$,884,843,"1,085"
Antigua and Barbuda,Current Health Expenditure (CHE),81,78,101
Antigua and Barbuda,Out-of-pocket (OOPS) as % of Current Health Expenditure (CHE),22,22,25
Antigua and Barbuda,Out-of-Pocket Expenditure (OOPS) per Capita in US$,194,182,269
Argentina,Current Health Expenditure (CHE) per Capita in US$,892,"1,081","1,371"
Argentina,Current Health Expenditure (CHE),"40,311","48,977","62,249"
Argentina,Out-of-pocket (OOPS) as % of Current Health Expenditure (CHE),22,25,26
Argentina,Out-of-Pocket Expenditure (OOPS) per Capita in US$,194,270,362
Bahamas,Current Health Expenditure (CHE) per Capita in US$,"1,871","2,038","2,341"
Bahamas,Current Health Expenditure (CHE),741,808,931
Bahamas,Out-of-pocket (OOPS) as % of Current Health Expenditure (CHE),22,26,24
Bahamas,Out-of-Pocket Expenditure (OOPS) per Capita in US$,419,520,568
Barbados,Current Health Expenditure (CHE) per Capita in US$,"1,234","1,391","1,302"
Barbados,Current Health Expenditure (CHE),348,393,368
Barbados,Out-of-pocket (OOPS) as % of Current Health Expenditure (CHE),43,39,47
Barbados,Out-of-Pocket Expenditure (OOPS) per Capita in US$,530,540,609
Belize,Current Health Expenditure (CHE) per Capita in US$,281,310,297
Belize,Current Health Expenditure (CHE),110,123,120
Belize,Out-of-pocket (OOPS) as % of Current Health Expenditure (CHE),21,22,27
Belize,Out-of-Pocket Expenditure (OOPS) per Capita in US$,59,68,79
Bolivia (Plurinational State of),Current Health Expenditure (CHE) per Capita in US$,249,276,307
Bolivia (Plurinational State of),Current Health Expenditure (CHE),"2,939","3,297","3,709"
Bolivia (Plurinational State of),Out-of-pocket (OOPS) as % of Current Health Expenditure (CHE),21,23,22
Bolivia (Plurinational State of),Out-of-Pocket Expenditure (OOPS) per Capita in US$,52,63,67
Brazil,Current Health Expenditure (CHE) per Capita in US$,681,768,849
Brazil,Current Health Expenditure (CHE),"142,050","160,991","178,460"
Brazil,Out-of-pocket (OOPS) as % of Current Health Expenditure (CHE),26,25,27
Brazil,Out-of-Pocket Expenditure (OOPS) per Capita in US$,178,194,232
Canada,Current Health Expenditure (CHE) per Capita in US$,"5,649","6,483","6,255"
Canada,Current Health Expenditure (CHE),"215,640","249,312","242,828"
Canada,Out-of-pocket (OOPS) as % of Current Health Expenditure (CHE),14,14,15
Canada,Out-of-Pocket Expenditure (OOPS) per Capita in US$,775,904,929
Canada,Primary Health Care (PHC) Expenditure per Capita in US$,"2,152","2,433","2,559"
Chile,Current Health Expenditure (CHE) per Capita in US$,"1,271","1,577","1,547"
Chile,Current Health Expenditure (CHE),"24,620","30,677","30,254"
Chile,Out-of-pocket (OOPS) as % of Current Health Expenditure (CHE),29,33,35
Chile,Out-of-Pocket Expenditure (OOPS) per Capita in US$,369,515,549
Colombia,Current Health Expenditure (CHE) per Capita in US$,465,561,506
Colombia,Current Health Expenditure (CHE),"23,542","28,723","26,154"
Colombia,Out-of-pocket (OOPS) as % of Current Health Expenditure (CHE),15,14,14
Colombia,Out-of-Pocket Expenditure (OOPS) per Capita in US$,67,77,73
Costa Rica,Current Health Expenditure (CHE) per Capita in US$,970,977,979
Costa Rica,Current Health Expenditure (CHE),"4,883","4,944","4,974"
Costa Rica,Out-of-pocket (OOPS) as % of Current Health Expenditure (CHE),20,21,22
Costa Rica,Out-of-Pocket Expenditure (OOPS) per Capita in US$,197,200,220
Costa Rica,Primary Health Care (PHC) Expenditure per Capita in US$,350,344,360
Cuba,Current Health Expenditure (CHE) per Capita in US$,"1,199",,
Cuba,Current Health Expenditure (CHE),"13,404",,
Cuba,Out-of-pocket (OOPS) as % of Current Health Expenditure (CHE),9,8,11
Cuba,Out-of-Pocket Expenditure (OOPS) per Capita in US$,107,,
Dominica,Current Health Expenditure (CHE) per Capita in US$,457,522,574
Dominica,Current Health Expenditure (CHE),31,35,38
Dominica,Out-of-pocket (OOPS) as % of Current Health Expenditure (CHE),30,24,27
Dominica,Out-of-Pocket Expenditure (OOPS) per Capita in US$,136,126,158
Dominican Republic,Current Health Expenditure (CHE) per Capita in US$,354,417,462
Dominican Republic,Current Health Expenditure (CHE),"3,895","4,635","5,192"
Dominican Republic,Out-of-pocket (OOPS) as % of Current Health Expenditure (CHE),25,24,28
Dominican Republic,Out-of-Pocket Expenditure (OOPS) per Capita in US$,87,98,127
Ecuador,Current Health Expenditure (CHE) per Capita in US$,473,499,493
Ecuador,Current Health Expenditure (CHE),"8,300","8,817","8,784"
Ecuador,Out-of-pocket (OOPS) as % of Current Health Expenditure (CHE),32,31,32
Ecuador,Out-of-Pocket Expenditure (OOPS) per Capita in US$,150,153,160
El Salvador,Current Health Expenditure (CHE) per Capita in US$,358,470,501
El Salvador,Current Health Expenditure (CHE),"2,231","2,941","3,148"
El Salvador,Out-of-pocket (OOPS) as % of Current Health Expenditure (CHE),27,31,32
El Salvador,Out-of-Pocket Expenditure (OOPS) per Capita in US$,98,143,158
El Salvador,Primary Health Care (PHC) Expenditure per Capita in US$,,,272
Grenada,Current Health Expenditure (CHE) per Capita in US$,477,514,521
Grenada,Current Health Expenditure (CHE),56,60,61
Grenada,Out-of-pocket (OOPS) as % of Current Health Expenditure (CHE),52,52,54
Grenada,Out-of-Pocket Expenditure (OOPS) per Capita in US$,250,267,280
Guatemala,Current Health Expenditure (CHE) per Capita in US$,289,341,396
Guatemala,Current Health Expenditure (CHE),"5,020","6,004","7,069"
Guatemala,Out-of-pocket (OOPS) as % of Current Health Expenditure (CHE),56,61,58
Guatemala,Out-of-Pocket Expenditure (OOPS) per Capita in US$,163,208,231
Guyana,Current Health Expenditure (CHE) per Capita in US$,367,463,532
Guyana,Current Health Expenditure (CHE),296,377,437
Guyana,Out-of-pocket (OOPS) as % of Current Health Expenditure (CHE),23,28,23
Guyana,Out-of-Pocket Expenditure (OOPS) per Capita in US$,85,131,123
Haiti,Current Health Expenditure (CHE) per Capita in US$,44,58,52
Haiti,Current Health Expenditure (CHE),500,656,602
Haiti,Out-of-pocket (OOPS) as % of Current Health Expenditure (CHE),47,44,48
Haiti,Out-of-Pocket Expenditure (OOPS) per Capita in US$,21,25,25
Honduras,Current Health Expenditure (CHE) per Capita in US$,213,254,251
Honduras,Current Health Expenditure (CHE),"2,153","2,610","2,627"
Honduras,Out-of-pocket (OOPS) as % of Current Health Expenditure (CHE),50,52,51
Honduras,Out-of-Pocket Expenditure (OOPS) per Capita in US$,106,131,128
Jamaica,Current Health Expenditure (CHE) per Capita in US$,323,371,468
Jamaica,Current Health Expenditure (CHE),915,"1,053","1,330"
Jamaica,Out-of-pocket (OOPS) as % of Current Health Expenditure (CHE),15,13,11
Jamaica,Out-of-Pocket Expenditure (OOPS) per Capita in US$,48,49,52
Mexico,Current Health Expenditure (CHE) per Capita in US$,535,606,651
Mexico,Current Health Expenditure (CHE),"67,852","77,372","83,723"
Mexico,Out-of-pocket (OOPS) as % of Current Health Expenditure (CHE),39,41,39
Mexico,Out-of-Pocket Expenditure (OOPS) per Capita in US$,207,251,254
Mexico,Primary Health Care (PHC) Expenditure per Capita in US$,228,269,292
Nicaragua,Current Health Expenditure (CHE) per Capita in US$,166,204,208
Nicaragua,Current Health Expenditure (CHE),"1,089","1,357","1,403"
Nicaragua,Out-of-pocket (OOPS) as % of Current Health Expenditure (CHE),32,31,36
Nicaragua,Out-of-Pocket Expenditure (OOPS) per Capita in US$,54,63,74
Panama,Current Health Expenditure (CHE) per Capita in US$,"1,358","1,417","1,472"
Panama,Current Health Expenditure (CHE),"5,832","6,158","6,478"
Panama,Out-of-pocket (OOPS) as % of Current Health Expenditure (CHE),40,37,37
Panama,Out-of-Pocket Expenditure (OOPS) per Capita in US$,538,529,547
Paraguay,Current Health Expenditure (CHE) per Capita in US$,412,480,480
Paraguay,Current Health Expenditure (CHE),"2,720","3,209","3,246"
Paraguay,Out-of-pocket (OOPS) as % of Current Health Expenditure (CHE),38,36,39
Paraguay,Out-of-Pocket Expenditure (OOPS) per Capita in US$,156,173,187
Paraguay,Primary Health Care (PHC) Expenditure per Capita in US$,169,204,197
Peru,Current Health Expenditure (CHE) per Capita in US$,400,456,446
Peru,Current Health Expenditure (CHE),"13,122","15,109","14,925"
Peru,Out-of-pocket (OOPS) as % of Current Health Expenditure (CHE),22,25,27
Peru,Out-of-Pocket Expenditure (OOPS) per Capita in US$,90,114,120
Saint Kitts and Nevis,Current Health Expenditure (CHE) per Capita in US$,"1,068","1,134","1,160"
Saint Kitts and Nevis,Current Health Expenditure (CHE),50,53,54
Saint Kitts and Nevis,Out-of-pocket (OOPS) as % of Current Health Expenditure (CHE),42,39,43
Saint Kitts and Nevis,Out-of-Pocket Expenditure (OOPS) per Capita in US$,451,441,502
Saint Lucia,Current Health Expenditure (CHE) per Capita in US$,578,588,645
Saint Lucia,Current Health Expenditure (CHE),103,105,115
Saint Lucia,Out-of-pocket (OOPS) as % of Current Health Expenditure (CHE),36,37,39
Saint Lucia,Out-of-Pocket Expenditure (OOPS) per Capita in US$,206,219,250
Saint Vincent and the Grenadines,Current Health Expenditure (CHE) per Capita in US$,406,455,435
Saint Vincent and the Grenadines,Current Health Expenditure (CHE),42,47,44
Saint Vincent and the Grenadines,Out-of-pocket (OOPS) as % of Current Health Expenditure (CHE),27,26,28
Saint Vincent and the Grenadines,Out-of-Pocket Expenditure (OOPS) per Capita in US$,109,119,120
Suriname,Current Health Expenditure (CHE) per Capita in US$,453,294,344
Suriname,Current Health Expenditure (CHE),278,182,214
Suriname,Out-of-pocket (OOPS) as % of Current Health Expenditure (CHE),20,24,23
Suriname,Out-of-Pocket Expenditure (OOPS) per Capita in US$,92,72,79
Trinidad and Tobago,Current Health Expenditure (CHE) per Capita in US$,"1,052","1,173","1,292"
Trinidad and Tobago,Current Health Expenditure (CHE),"1,558","1,746","1,933"
Trinidad and Tobago,Out-of-pocket (OOPS) as % of Current Health Expenditure (CHE),46,47,49
Trinidad and Tobago,Out-of-Pocket Expenditure (OOPS) per Capita in US$,485,550,636
United States of America,Current Health Expenditure (CHE) per Capita in US$,"11,673","11,999","12,434"
United States of America,Current Health Expenditure (CHE),"3,962,160","4,081,628","4,246,783"
United States of America,Out-of-pocket (OOPS) as % of Current Health Expenditure (CHE),10,11,11
United States of America,Out-of-Pocket Expenditure (OOPS) per Capita in US$,"1,173","1,300","1,380"
Uruguay,Current Health Expenditure (CHE) per Capita in US$,"1,432","1,595","1,851"
Uruguay,Current Health Expenditure (CHE),"4,867","5,418","6,276"
Uruguay,Out-of-pocket (OOPS) as % of Current Health Expenditure (CHE),17,16,16
Uruguay,Out-of-Pocket Expenditure (OOPS) per Capita in US$,240,252,302
Uruguay,Primary Health Care (PHC) Expenditure per Capita in US$,634,740,827
Venezuela (Bolivarian Republic of),Current Health Expenditure (CHE) per Capita in US$,153,163,209
Venezuela (Bolivarian Republic of),Current Health Expenditure (CHE),"4,359","4,589","5,884"
Venezuela (Bolivarian Republic of),Out-of-pocket (OOPS) as % of Current Health Expenditure (CHE),29,28,25
Venezuela (Bolivarian Republic of),Out-of-Pocket Expenditure (OOPS) per Capita in US$,44,46,52
Afghanistan,Current Health Expenditure (CHE) per Capita in US$,80,82,81
Afghanistan,Current Health Expenditure (CHE),"3,129","3,261","3,273"
Afghanistan,Out-of-pocket (OOPS) as % of Current Health Expenditure (CHE),75,77,78
Afghanistan,Out-of-Pocket Expenditure (OOPS) per Capita in US$,60,63,63
Afghanistan,Primary Health Care (PHC) Expenditure per Capita in US$,46,48,46
Bahrain,Current Health Expenditure (CHE) per Capita in US$,"1,102","1,175","1,111"
Bahrain,Current Health Expenditure (CHE),"1,634","1,765","1,703"
Bahrain,Out-of-pocket (OOPS) as % of Current Health Expenditure (CHE),26,26,23
Bahrain,Out-of-Pocket Expenditure (OOPS) per Capita in US$,290,302,261
Djibouti,Current Health Expenditure (CHE) per Capita in US$,67,87,82
Djibouti,Current Health Expenditure (CHE),74,98,93
Djibouti,Out-of-pocket (OOPS) as % of Current Health Expenditure (CHE),32,27,31
Djibouti,Out-of-Pocket Expenditure (OOPS) per Capita in US$,21,24,25
Egypt,Current Health Expenditure (CHE) per Capita in US$,148,177,171
Egypt,Current Health Expenditure (CHE),"16,217","19,632","19,255"
Egypt,Out-of-pocket (OOPS) as % of Current Health Expenditure (CHE),59,55,54
Egypt,Out-of-Pocket Expenditure (OOPS) per Capita in US$,88,97,92
Iran (Islamic Republic of),Current Health Expenditure (CHE) per Capita in US$,201,234,238
Iran (Islamic Republic of),Current Health Expenditure (CHE),"17,673","20,676","21,291"
Iran (Islamic Republic of),Out-of-pocket (OOPS) as % of Current Health Expenditure (CHE),37,35,39
Iran (Islamic Republic of),Out-of-Pocket Expenditure (OOPS) per Capita in US$,75,81,93
Iraq,Current Health Expenditure (CHE) per Capita in US$,248,252,255
Iraq,Current Health Expenditure (CHE),"10,447","10,837","11,221"
Iraq,Out-of-pocket (OOPS) as % of Current Health Expenditure (CHE),55,50,48
Iraq,Out-of-Pocket Expenditure (OOPS) per Capita in US$,136,126,122
Iraq,Primary Health Care (PHC) Expenditure per Capita in US$,,126,
Jordan,Current Health Expenditure (CHE) per Capita in US$,286,301,295
Jordan,Current Health Expenditure (CHE),"3,110","3,334","3,322"
Jordan,Out-of-pocket (OOPS) as % of Current Health Expenditure (CHE),38,37,40
Jordan,Out-of-Pocket Expenditure (OOPS) per Capita in US$,107,113,119
Kuwait,Current Health Expenditure (CHE) per Capita in US$,"1,523","1,789","1,700"
Kuwait,Current Health Expenditure (CHE),"6,703","7,800","7,804"
Kuwait,Out-of-pocket (OOPS) as % of Current Health Expenditure (CHE),9,8,12
Kuwait,Out-of-Pocket Expenditure (OOPS) per Capita in US$,143,146,196
Lebanon,Current Health Expenditure (CHE) per Capita in US$,518,312,392
Lebanon,Current Health Expenditure (CHE),"2,956","1,783","2,254"
Lebanon,Out-of-pocket (OOPS) as % of Current Health Expenditure (CHE),30,35,33
Lebanon,Out-of-Pocket Expenditure (OOPS) per Capita in US$,157,108,131
Libya,Current Health Expenditure (CHE) per Capita in US$,473,307,278
Libya,Current Health Expenditure (CHE),"3,330","2,188","2,011"
Libya,Out-of-pocket (OOPS) as % of Current Health Expenditure (CHE),21,26,30
Libya,Out-of-Pocket Expenditure (OOPS) per Capita in US$,100,81,85
Morocco,Current Health Expenditure (CHE) per Capita in US$,185,212,199
Morocco,Current Health Expenditure (CHE),"6,785","7,832","7,436"
Morocco,Out-of-pocket (OOPS) as % of Current Health Expenditure (CHE),41,42,43
Morocco,Out-of-Pocket Expenditure (OOPS) per Capita in US$,77,90,86
"occupied Palestinian territory, including east Jerusalem",Current Health Expenditure (CHE) per Capita in US$,315,364,351
"occupied Palestinian territory, including east Jerusalem",Current Health Expenditure (CHE),"1,596","1,890","1,860"
"occupied Palestinian territory, including east Jerusalem",Out-of-pocket (OOPS) as % of Current Health Expenditure (CHE),38,33,34
"occupied Palestinian territory, including east Jerusalem",Out-of-Pocket Expenditure (OOPS) per Capita in US$,121,122,118
"occupied Palestinian territory, including east Jerusalem",Primary Health Care (PHC) Expenditure per Capita in US$,174,195,185
Oman,Current Health Expenditure (CHE) per Capita in US$,859,856,707
Oman,Current Health Expenditure (CHE),"3,886","3,854","3,344"
Oman,Out-of-pocket (OOPS) as % of Current Health Expenditure (CHE),5,6,7
Oman,Out-of-Pocket Expenditure (OOPS) per Capita in US$,45,53,53
Pakistan,Current Health Expenditure (CHE) per Capita in US$,37,43,39
Pakistan,Current Health Expenditure (CHE),"8,674","10,249","9,447"
Pakistan,Out-of-pocket (OOPS) as % of Current Health Expenditure (CHE),55,51,47
Pakistan,Out-of-Pocket Expenditure (OOPS) per Capita in US$,20,22,18
Pakistan,Primary Health Care (PHC) Expenditure per Capita in US$,21,,21
Qatar,Current Health Expenditure (CHE) per Capita in US$,"1,967","1,847","1,782"
Qatar,Current Health Expenditure (CHE),"5,515","5,199","5,153"
Qatar,Out-of-pocket (OOPS) as % of Current Health Expenditure (CHE),6,7,8
Qatar,Out-of-Pocket Expenditure (OOPS) per Capita in US$,116,121,138
Saudi Arabia,Current Health Expenditure (CHE) per Capita in US$,"1,575","1,655","1,593"
Saudi Arabia,Current Health Expenditure (CHE),"48,802","51,840","51,267"
Saudi Arabia,Out-of-pocket (OOPS) as % of Current Health Expenditure (CHE),10,10,11
Saudi Arabia,Out-of-Pocket Expenditure (OOPS) per Capita in US$,159,168,176
Saudi Arabia,Primary Health Care (PHC) Expenditure per Capita in US$,799,875,
Somalia,Current Health Expenditure (CHE) per Capita in US$,12,15,15
Somalia,Current Health Expenditure (CHE),207,253,273
Somalia,Out-of-pocket (OOPS) as % of Current Health Expenditure (CHE),48,43,42
Somalia,Out-of-Pocket Expenditure (OOPS) per Capita in US$,6,6,6
Sudan,Current Health Expenditure (CHE) per Capita in US$,22,20,32
Sudan,Current Health Expenditure (CHE),"1,037",985,"1,559"
Sudan,Out-of-pocket (OOPS) as % of Current Health Expenditure (CHE),53,57,51
Sudan,Out-of-Pocket Expenditure (OOPS) per Capita in US$,12,12,16
Sudan,Primary Health Care (PHC) Expenditure per Capita in US$,13,,
Syrian Arab Republic,Current Health Expenditure (CHE) per Capita in US$,31,26,34
Syrian Arab Republic,Current Health Expenditure (CHE),645,558,772
Syrian Arab Republic,Out-of-pocket (OOPS) as % of Current Health Expenditure (CHE),48,48,46
Syrian Arab Republic,Out-of-Pocket Expenditure (OOPS) per Capita in US$,15,12,16
Tunisia,Current Health Expenditure (CHE) per Capita in US$,250,270,266
Tunisia,Current Health Expenditure (CHE),"2,999","3,257","3,222"
Tunisia,Out-of-pocket (OOPS) as % of Current Health Expenditure (CHE),33,34,34
Tunisia,Out-of-Pocket Expenditure (OOPS) per Capita in US$,84,91,90
United Arab Emirates,Current Health Expenditure (CHE) per Capita in US$,"2,154","2,250","2,315"
United Arab Emirates,Current Health Expenditure (CHE),"20,356","22,025","23,708"
United Arab Emirates,Out-of-pocket (OOPS) as % of Current Health Expenditure (CHE),11,10,12
United Arab Emirates,Out-of-Pocket Expenditure (OOPS) per Capita in US$,242,236,284
United Arab Emirates,Primary Health Care (PHC) Expenditure per Capita in US$,980,980,
Yemen,Current Health Expenditure (CHE) per Capita in US$,32,32,38
Yemen,Current Health Expenditure (CHE),"1,167","1,189","1,457"
Yemen,Out-of-pocket (OOPS) as % of Current Health Expenditure (CHE),70,72,70
Yemen,Out-of-Pocket Expenditure (OOPS) per Capita in US$,23,23,27
Albania,Current Health Expenditure (CHE) per Capita in US$,396,466,414
Albania,Current Health Expenditure (CHE),"1,138","1,327","1,172"
Albania,Out-of-pocket (OOPS) as % of Current Health Expenditure (CHE),59,60,51
Albania,Out-of-Pocket Expenditure (OOPS) per Capita in US$,235,278,212
Andorra,Current Health Expenditure (CHE) per Capita in US$,"3,283","3,536","3,192"
Andorra,Current Health Expenditure (CHE),254,277,254
Andorra,Out-of-pocket (OOPS) as % of Current Health Expenditure (CHE),11,12,9
Andorra,Out-of-Pocket Expenditure (OOPS) per Capita in US$,366,415,282
Armenia,Current Health Expenditure (CHE) per Capita in US$,535,596,675
Armenia,Current Health Expenditure (CHE),"1,547","1,710","1,944"
Armenia,Out-of-pocket (OOPS) as % of Current Health Expenditure (CHE),78,79,79
Armenia,Out-of-Pocket Expenditure (OOPS) per Capita in US$,417,469,534
Armenia,Primary Health Care (PHC) Expenditure per Capita in US$,249,285,263
Austria,Current Health Expenditure (CHE) per Capita in US$,"5,531","6,520","5,852"
Austria,Current Health Expenditure (CHE),"49,232","58,245","52,544"
Austria,Out-of-pocket (OOPS) as % of Current Health Expenditure (CHE),16,16,16
Austria,Out-of-Pocket Expenditure (OOPS) per Capita in US$,911,"1,026",936
Austria,Primary Health Care (PHC) Expenditure per Capita in US$,"1,974","2,683","2,277"
Azerbaijan,Current Health Expenditure (CHE) per Capita in US$,245,251,304
Azerbaijan,Current Health Expenditure (CHE),"2,497","2,569","3,132"
Azerbaijan,Out-of-pocket (OOPS) as % of Current Health Expenditure (CHE),58,66,64
Azerbaijan,Out-of-Pocket Expenditure (OOPS) per Capita in US$,142,166,196
Belarus,Current Health Expenditure (CHE) per Capita in US$,420,484,529
Belarus,Current Health Expenditure (CHE),"3,931","4,478","4,853"
Belarus,Out-of-pocket (OOPS) as % of Current Health Expenditure (CHE),25,22,28
Belarus,Out-of-Pocket Expenditure (OOPS) per Capita in US$,104,106,146
Belarus,Primary Health Care (PHC) Expenditure per Capita in US$,156,175,192
Belgium,Current Health Expenditure (CHE) per Capita in US$,"5,145","5,744","5,405"
Belgium,Current Health Expenditure (CHE),"59,283","66,366","62,789"
Belgium,Out-of-pocket (OOPS) as % of Current Health Expenditure (CHE),17,19,20
Belgium,Out-of-Pocket Expenditure (OOPS) per Capita in US$,884,"1,079","1,083"
Belgium,Primary Health Care (PHC) Expenditure per Capita in US$,"1,851","2,133","1,970"
Bosnia and Herzegovina,Current Health Expenditure (CHE) per Capita in US$,595,697,667
Bosnia and Herzegovina,Current Health Expenditure (CHE),"1,963","2,262","2,139"
Bosnia and Herzegovina,Out-of-pocket (OOPS) as % of Current Health Expenditure (CHE),29,31,31
Bosnia and Herzegovina,Out-of-Pocket Expenditure (OOPS) per Capita in US$,172,214,206
Bosnia and Herzegovina,Primary Health Care (PHC) Expenditure per Capita in US$,247,294,287
Bulgaria,Current Health Expenditure (CHE) per Capita in US$,857,"1,047","1,011"
Bulgaria,Current Health Expenditure (CHE),"5,955","7,245","6,915"
Bulgaria,Out-of-pocket (OOPS) as % of Current Health Expenditure (CHE),36,34,35
Bulgaria,Out-of-Pocket Expenditure (OOPS) per Capita in US$,304,353,355
Croatia,Current Health Expenditure (CHE) per Capita in US$,"1,095","1,384","1,344"
Croatia,Current Health Expenditure (CHE),"4,442","5,587","5,192"
Croatia,Out-of-pocket (OOPS) as % of Current Health Expenditure (CHE),10,9,9
Croatia,Out-of-Pocket Expenditure (OOPS) per Capita in US$,114,130,124
Croatia,Primary Health Care (PHC) Expenditure per Capita in US$,402,469,476
Cyprus,Current Health Expenditure (CHE) per Capita in US$,"2,483","3,118","2,864"
Cyprus,Current Health Expenditure (CHE),"2,205","2,794","2,591"
Cyprus,Out-of-pocket (OOPS) as % of Current Health Expenditure (CHE),21,14,15
Cyprus,Out-of-Pocket Expenditure (OOPS) per Capita in US$,531,429,417
Cyprus,Primary Health Care (PHC) Expenditure per Capita in US$,761,928,849
Czechia,Current Health Expenditure (CHE) per Capita in US$,"2,106","2,538","2,431"
Czechia,Current Health Expenditure (CHE),"22,524","26,636","25,567"
Czechia,Out-of-pocket (OOPS) as % of Current Health Expenditure (CHE),11,12,14
Czechia,Out-of-Pocket Expenditure (OOPS) per Capita in US$,233,317,347
Czechia,Primary Health Care (PHC) Expenditure per Capita in US$,658,872,801
Denmark,Current Health Expenditure (CHE) per Capita in US$,"6,530","7,466","6,456"
Denmark,Current Health Expenditure (CHE),"38,025","43,600","37,919"
Denmark,Out-of-pocket (OOPS) as % of Current Health Expenditure (CHE),13,13,13
Denmark,Out-of-Pocket Expenditure (OOPS) per Capita in US$,874,948,841
Denmark,Primary Health Care (PHC) Expenditure per Capita in US$,"3,747","4,495","3,784"
Estonia,Current Health Expenditure (CHE) per Capita in US$,"1,789","2,091","1,999"
Estonia,Current Health Expenditure (CHE),"2,378","2,781","2,662"
Estonia,Out-of-pocket (OOPS) as % of Current Health Expenditure (CHE),21,22,23
Estonia,Out-of-Pocket Expenditure (OOPS) per Capita in US$,383,463,463
Estonia,Primary Health Care (PHC) Expenditure per Capita in US$,767,935,859
Finland,Current Health Expenditure (CHE) per Capita in US$,"4,736","5,262","4,902"
Finland,Current Health Expenditure (CHE),"26,189","29,157","27,301"
Finland,Out-of-pocket (OOPS) as % of Current Health Expenditure (CHE),16,17,16
Finland,Out-of-Pocket Expenditure (OOPS) per Capita in US$,780,877,789
Finland,Primary Health Care (PHC) Expenditure per Capita in US$,"2,141","2,508","2,294"
France,Current Health Expenditure (CHE) per Capita in US$,"4,748","5,377","4,865"
France,Current Health Expenditure (CHE),"319,604","363,773","330,209"
France,Out-of-pocket (OOPS) as % of Current Health Expenditure (CHE),9,9,9
France,Out-of-Pocket Expenditure (OOPS) per Capita in US$,426,470,434
France,Primary Health Care (PHC) Expenditure per Capita in US$,"2,012","2,362","2,077"
Georgia,Current Health Expenditure (CHE) per Capita in US$,352,414,478
Georgia,Current Health Expenditure (CHE),"1,336","1,567","1,813"
Georgia,Out-of-pocket (OOPS) as % of Current Health Expenditure (CHE),36,31,40
Georgia,Out-of-Pocket Expenditure (OOPS) per Capita in US$,127,129,193
Germany,Current Health Expenditure (CHE) per Capita in US$,"5,932","6,638","6,182"
Germany,Current Health Expenditure (CHE),"493,362","552,000","514,601"
Germany,Out-of-pocket (OOPS) as % of Current Health Expenditure (CHE),12,12,11
Germany,Out-of-Pocket Expenditure (OOPS) per Capita in US$,711,793,664
Germany,Primary Health Care (PHC) Expenditure per Capita in US$,"2,529","3,029","2,848"
Greece,Current Health Expenditure (CHE) per Capita in US$,"1,675","1,846","1,768"
Greece,Current Health Expenditure (CHE),"17,951","19,717","18,494"
Greece,Out-of-pocket (OOPS) as % of Current Health Expenditure (CHE),33,33,34
Greece,Out-of-Pocket Expenditure (OOPS) per Capita in US$,560,615,593
Hungary,Current Health Expenditure (CHE) per Capita in US$,"1,173","1,382","1,224"
Hungary,Current Health Expenditure (CHE),"11,458","13,444","11,864"
Hungary,Out-of-pocket (OOPS) as % of Current Health Expenditure (CHE),26,25,24
Hungary,Out-of-Pocket Expenditure (OOPS) per Capita in US$,307,340,297
Hungary,Primary Health Care (PHC) Expenditure per Capita in US$,470,588,475
Iceland,Current Health Expenditure (CHE) per Capita in US$,"5,693","6,722","6,852"
Iceland,Current Health Expenditure (CHE),"2,087","2,505","2,606"
Iceland,Out-of-pocket (OOPS) as % of Current Health Expenditure (CHE),15,15,14
Iceland,Out-of-Pocket Expenditure (OOPS) per Capita in US$,847,978,937
Iceland,Primary Health Care (PHC) Expenditure per Capita in US$,"2,001","2,418","2,446"
Ireland,Current Health Expenditure (CHE) per Capita in US$,"6,098","6,764","6,448"
Ireland,Current Health Expenditure (CHE),"30,274","33,864","32,627"
Ireland,Out-of-pocket (OOPS) as % of Current Health Expenditure (CHE),11,11,11
Ireland,Out-of-Pocket Expenditure (OOPS) per Capita in US$,667,723,688
Israel,Current Health Expenditure (CHE) per Capita in US$,"3,617","4,191","4,224"
Israel,Current Health Expenditure (CHE),"31,827","37,476","38,451"
Israel,Out-of-pocket (OOPS) as % of Current Health Expenditure (CHE),20,21,20
Israel,Out-of-Pocket Expenditure (OOPS) per Capita in US$,739,880,855
Israel,Primary Health Care (PHC) Expenditure per Capita in US$,,"2,632",
Italy,Current Health Expenditure (CHE) per Capita in US$,"3,062","3,400","3,135"
Italy,Current Health Expenditure (CHE),"182,628","201,395","185,041"
Italy,Out-of-pocket (OOPS) as % of Current Health Expenditure (CHE),21,23,23
Italy,Out-of-Pocket Expenditure (OOPS) per Capita in US$,657,773,713
Kazakhstan,Current Health Expenditure (CHE) per Capita in US$,330,392,421
Kazakhstan,Current Health Expenditure (CHE),"6,421","7,736","8,434"
Kazakhstan,Out-of-pocket (OOPS) as % of Current Health Expenditure (CHE),28,25,31
Kazakhstan,Out-of-Pocket Expenditure (OOPS) per Capita in US$,91,98,130
Kazakhstan,Primary Health Care (PHC) Expenditure per Capita in US$,134,133,
Kyrgyzstan,Current Health Expenditure (CHE) per Capita in US$,61,73,86
Kyrgyzstan,Current Health Expenditure (CHE),409,495,597
Kyrgyzstan,Out-of-pocket (OOPS) as % of Current Health Expenditure (CHE),46,39,38
Kyrgyzstan,Out-of-Pocket Expenditure (OOPS) per Capita in US$,28,28,33
Latvia,Current Health Expenditure (CHE) per Capita in US$,"1,313","1,898","1,642"
Latvia,Current Health Expenditure (CHE),"2,505","3,593","3,081"
Latvia,Out-of-pocket (OOPS) as % of Current Health Expenditure (CHE),32,27,31
Latvia,Out-of-Pocket Expenditure (OOPS) per Capita in US$,419,512,505
Latvia,Primary Health Care (PHC) Expenditure per Capita in US$,506,808,616
Lithuania,Current Health Expenditure (CHE) per Capita in US$,"1,520","1,854","1,830"
Lithuania,Current Health Expenditure (CHE),"4,248","5,184","5,134"
Lithuania,Out-of-pocket (OOPS) as % of Current Health Expenditure (CHE),29,30,32
Lithuania,Out-of-Pocket Expenditure (OOPS) per Capita in US$,436,555,582
Lithuania,Primary Health Care (PHC) Expenditure per Capita in US$,724,882,892
Luxembourg,Current Health Expenditure (CHE) per Capita in US$,"6,786","7,633","7,023"
Luxembourg,Current Health Expenditure (CHE),"4,249","4,845","4,532"
Luxembourg,Out-of-pocket (OOPS) as % of Current Health Expenditure (CHE),8,9,9
Luxembourg,Out-of-Pocket Expenditure (OOPS) per Capita in US$,569,672,609
Luxembourg,Primary Health Care (PHC) Expenditure per Capita in US$,"2,467","2,897","2,587"
Malta,Current Health Expenditure (CHE) per Capita in US$,"3,135","3,642","3,353"
Malta,Current Health Expenditure (CHE),"1,613","1,879","1,747"
Malta,Out-of-pocket (OOPS) as % of Current Health Expenditure (CHE),30,30,30
Malta,Out-of-Pocket Expenditure (OOPS) per Capita in US$,950,"1,080","1,007"
Malta,Primary Health Care (PHC) Expenditure per Capita in US$,"1,945","2,260","2,066"
Monaco,Current Health Expenditure (CHE) per Capita in US$,"7,580","8,223","7,656"
Monaco,Current Health Expenditure (CHE),288,317,298
Monaco,Out-of-pocket (OOPS) as % of Current Health Expenditure (CHE),6,7,8
Monaco,Out-of-Pocket Expenditure (OOPS) per Capita in US$,453,566,579
Montenegro,Current Health Expenditure (CHE) per Capita in US$,896,"1,024","1,107"
Montenegro,Current Health Expenditure (CHE),545,618,680
Montenegro,Out-of-pocket (OOPS) as % of Current Health Expenditure (CHE),37,38,37
Montenegro,Out-of-Pocket Expenditure (OOPS) per Capita in US$,328,390,407
Montenegro,Primary Health Care (PHC) Expenditure per Capita in US$,451,526,
Netherlands (Kingdom of the),Current Health Expenditure (CHE) per Capita in US$,"5,866","6,555","5,796"
Netherlands (Kingdom of the),Current Health Expenditure (CHE),"102,111","114,551","101,956"
Netherlands (Kingdom of the),Out-of-pocket (OOPS) as % of Current Health Expenditure (CHE),9,9,10
Netherlands (Kingdom of the),Out-of-Pocket Expenditure (OOPS) per Capita in US$,544,614,581
Netherlands (Kingdom of the),Primary Health Care (PHC) Expenditure per Capita in US$,"1,798","2,217","1,824"
North Macedonia,Current Health Expenditure (CHE) per Capita in US$,511,637,562
North Macedonia,Current Health Expenditure (CHE),956,"1,179","1,034"
North Macedonia,Out-of-pocket (OOPS) as % of Current Health Expenditure (CHE),39,42,40
North Macedonia,Out-of-Pocket Expenditure (OOPS) per Capita in US$,199,266,226
North Macedonia,Primary Health Care (PHC) Expenditure per Capita in US$,198,238,210
Norway,Current Health Expenditure (CHE) per Capita in US$,"7,825","9,163","8,693"
Norway,Current Health Expenditure (CHE),"41,999","49,402","47,160"
Norway,Out-of-pocket (OOPS) as % of Current Health Expenditure (CHE),14,14,14
Norway,Out-of-Pocket Expenditure (OOPS) per Capita in US$,"1,079","1,269","1,224"
Norway,Primary Health Care (PHC) Expenditure per Capita in US$,"2,980","3,528","3,341"
Poland,Current Health Expenditure (CHE) per Capita in US$,"1,026","1,183","1,193"
Poland,Current Health Expenditure (CHE),"38,944","43,869","44,014"
Poland,Out-of-pocket (OOPS) as % of Current Health Expenditure (CHE),20,20,19
Poland,Out-of-Pocket Expenditure (OOPS) per Capita in US$,200,235,225
Poland,Primary Health Care (PHC) Expenditure per Capita in US$,433,543,490
Portugal,Current Health Expenditure (CHE) per Capita in US$,"2,346","2,760","2,581"
Portugal,Current Health Expenditure (CHE),"24,158","28,425","26,716"
Portugal,Out-of-pocket (OOPS) as % of Current Health Expenditure (CHE),28,29,30
Portugal,Out-of-Pocket Expenditure (OOPS) per Capita in US$,657,812,765
Republic of Moldova,Current Health Expenditure (CHE) per Capita in US$,307,410,398
Republic of Moldova,Current Health Expenditure (CHE),808,"1,061","1,012"
Republic of Moldova,Out-of-pocket (OOPS) as % of Current Health Expenditure (CHE),31,29,32
Republic of Moldova,Out-of-Pocket Expenditure (OOPS) per Capita in US$,95,121,126
Republic of Moldova,Primary Health Care (PHC) Expenditure per Capita in US$,136,176,169
Romania,Current Health Expenditure (CHE) per Capita in US$,810,963,902
Romania,Current Health Expenditure (CHE),"15,648","18,491","17,181"
Romania,Out-of-pocket (OOPS) as % of Current Health Expenditure (CHE),19,21,21
Romania,Out-of-Pocket Expenditure (OOPS) per Capita in US$,154,202,193
Romania,Primary Health Care (PHC) Expenditure per Capita in US$,286,350,326
Russian Federation,Current Health Expenditure (CHE) per Capita in US$,815,882,"1,078"
Russian Federation,Current Health Expenditure (CHE),"119,284","128,592","156,969"
Russian Federation,Out-of-pocket (OOPS) as % of Current Health Expenditure (CHE),25,29,28
Russian Federation,Out-of-Pocket Expenditure (OOPS) per Capita in US$,203,253,299
San Marino,Current Health Expenditure (CHE) per Capita in US$,"3,759","4,033","3,875"
San Marino,Current Health Expenditure (CHE),131,139,132
San Marino,Out-of-pocket (OOPS) as % of Current Health Expenditure (CHE),10,12,11
San Marino,Out-of-Pocket Expenditure (OOPS) per Capita in US$,385,478,443
Serbia,Current Health Expenditure (CHE) per Capita in US$,670,919,903
Serbia,Current Health Expenditure (CHE),"4,642","6,316","6,139"
Serbia,Out-of-pocket (OOPS) as % of Current Health Expenditure (CHE),36,36,37
Serbia,Out-of-Pocket Expenditure (OOPS) per Capita in US$,242,329,330
Slovakia,Current Health Expenditure (CHE) per Capita in US$,"1,394","1,685","1,642"
Slovakia,Current Health Expenditure (CHE),"7,606","9,197","8,926"
Slovakia,Out-of-pocket (OOPS) as % of Current Health Expenditure (CHE),19,19,19
Slovakia,Out-of-Pocket Expenditure (OOPS) per Capita in US$,261,327,316
Slovakia,Primary Health Care (PHC) Expenditure per Capita in US$,578,,
Slovenia,Current Health Expenditure (CHE) per Capita in US$,"2,417","2,780","2,738"
Slovenia,Current Health Expenditure (CHE),"5,066","5,862","5,769"
Slovenia,Out-of-pocket (OOPS) as % of Current Health Expenditure (CHE),12,13,12
Slovenia,Out-of-Pocket Expenditure (OOPS) per Capita in US$,302,358,340
Slovenia,Primary Health Care (PHC) Expenditure per Capita in US$,"1,049","1,274","1,239"
Spain,Current Health Expenditure (CHE) per Capita in US$,"2,898","3,144","2,911"
Spain,Current Health Expenditure (CHE),"137,170","149,027","138,069"
Spain,Out-of-pocket (OOPS) as % of Current Health Expenditure (CHE),20,19,19
Spain,Out-of-Pocket Expenditure (OOPS) per Capita in US$,572,608,558
Spain,Primary Health Care (PHC) Expenditure per Capita in US$,"1,069","1,169","1,096"
Sweden,Current Health Expenditure (CHE) per Capita in US$,"6,003","6,842","5,943"
Sweden,Current Health Expenditure (CHE),"61,997","71,020","62,122"
Sweden,Out-of-pocket (OOPS) as % of Current Health Expenditure (CHE),13,13,13
Sweden,Out-of-Pocket Expenditure (OOPS) per Capita in US$,770,876,765
Sweden,Primary Health Care (PHC) Expenditure per Capita in US$,"2,025","2,372","2,049"
Switzerland,Current Health Expenditure (CHE) per Capita in US$,"10,348","11,262","10,963"
Switzerland,Current Health Expenditure (CHE),"89,058","97,647","95,809"
Switzerland,Out-of-pocket (OOPS) as % of Current Health Expenditure (CHE),21,21,22
Switzerland,Out-of-Pocket Expenditure (OOPS) per Capita in US$,"2,137","2,398","2,366"
Switzerland,Primary Health Care (PHC) Expenditure per Capita in US$,"3,653","4,123","3,990"
Tajikistan,Current Health Expenditure (CHE) per Capita in US$,74,75,79
Tajikistan,Current Health Expenditure (CHE),723,749,800
Tajikistan,Out-of-pocket (OOPS) as % of Current Health Expenditure (CHE),68,65,65
Tajikistan,Out-of-Pocket Expenditure (OOPS) per Capita in US$,50,49,51
T??rkiye,Current Health Expenditure (CHE) per Capita in US$,386,431,386
T??rkiye,Current Health Expenditure (CHE),"33,254","37,391","33,594"
T??rkiye,Out-of-pocket (OOPS) as % of Current Health Expenditure (CHE),16,16,19
T??rkiye,Out-of-Pocket Expenditure (OOPS) per Capita in US$,63,70,75
Turkmenistan,Current Health Expenditure (CHE) per Capita in US$,420,472,579
Turkmenistan,Current Health Expenditure (CHE),"2,919","3,346","4,187"
Turkmenistan,Out-of-pocket (OOPS) as % of Current Health Expenditure (CHE),76,77,79
Turkmenistan,Out-of-Pocket Expenditure (OOPS) per Capita in US$,321,366,459
Ukraine,Current Health Expenditure (CHE) per Capita in US$,265,370,
Ukraine,Current Health Expenditure (CHE),"11,844","16,386",
Ukraine,Out-of-pocket (OOPS) as % of Current Health Expenditure (CHE),48,45,
Ukraine,Out-of-Pocket Expenditure (OOPS) per Capita in US$,127,168,
Ukraine,Primary Health Care (PHC) Expenditure per Capita in US$,102,,
United Kingdom of Great Britain and Northern Ireland,Current Health Expenditure (CHE) per Capita in US$,"4,816","5,612","5,036"
United Kingdom of Great Britain and Northern Ireland,Current Health Expenditure (CHE),"322,805","377,579","341,370"
United Kingdom of Great Britain and Northern Ireland,Out-of-pocket (OOPS) as % of Current Health Expenditure (CHE),11,12,13
United Kingdom of Great Britain and Northern Ireland,Out-of-Pocket Expenditure (OOPS) per Capita in US$,551,695,669
United Kingdom of Great Britain and Northern Ireland,Primary Health Care (PHC) Expenditure per Capita in US$,"1,795","2,348","1,906"
Uzbekistan,Current Health Expenditure (CHE) per Capita in US$,120,156,169
Uzbekistan,Current Health Expenditure (CHE),"4,040","5,357","5,920"
Uzbekistan,Out-of-pocket (OOPS) as % of Current Health Expenditure (CHE),53,60,65
Uzbekistan,Out-of-Pocket Expenditure (OOPS) per Capita in US$,64,94,111
Bangladesh,Current Health Expenditure (CHE) per Capita in US$,51,59,61
Bangladesh,Current Health Expenditure (CHE),"8,482","9,815","10,348"
Bangladesh,Out-of-pocket (OOPS) as % of Current Health Expenditure (CHE),74,73,73
Bangladesh,Out-of-Pocket Expenditure (OOPS) per Capita in US$,38,43,44
Bangladesh,Primary Health Care (PHC) Expenditure per Capita in US$,34,,
Bhutan,Current Health Expenditure (CHE) per Capita in US$,134,104,154
Bhutan,Current Health Expenditure (CHE),103,80,121
Bhutan,Out-of-pocket (OOPS) as % of Current Health Expenditure (CHE),15,21,35
Bhutan,Out-of-Pocket Expenditure (OOPS) per Capita in US$,21,22,53
India,Current Health Expenditure (CHE) per Capita in US$,64,76,80
India,Current Health Expenditure (CHE),"89,530","106,843","113,343"
India,Out-of-pocket (OOPS) as % of Current Health Expenditure (CHE),50,45,46
India,Out-of-Pocket Expenditure (OOPS) per Capita in US$,32,34,37
Indonesia,Current Health Expenditure (CHE) per Capita in US$,132,159,127
Indonesia,Current Health Expenditure (CHE),"36,227","43,976","35,535"
Indonesia,Out-of-pocket (OOPS) as % of Current Health Expenditure (CHE),31,27,33
Indonesia,Out-of-Pocket Expenditure (OOPS) per Capita in US$,41,43,42
Maldives,Current Health Expenditure (CHE) per Capita in US$,846,"1,057","1,151"
Maldives,Current Health Expenditure (CHE),425,546,603
Maldives,Out-of-pocket (OOPS) as % of Current Health Expenditure (CHE),17,15,18
Maldives,Out-of-Pocket Expenditure (OOPS) per Capita in US$,143,158,202
Myanmar,Current Health Expenditure (CHE) per Capita in US$,66,71,58
Myanmar,Current Health Expenditure (CHE),"3,500","3,798","3,116"
Myanmar,Out-of-pocket (OOPS) as % of Current Health Expenditure (CHE),73,54,65
Myanmar,Out-of-Pocket Expenditure (OOPS) per Capita in US$,48,38,38
Myanmar,Primary Health Care (PHC) Expenditure per Capita in US$,29,40,26
Nepal,Current Health Expenditure (CHE) per Capita in US$,59,67,88
Nepal,Current Health Expenditure (CHE),"1,711","1,961","2,623"
Nepal,Out-of-pocket (OOPS) as % of Current Health Expenditure (CHE),54,51,56
Nepal,Out-of-Pocket Expenditure (OOPS) per Capita in US$,32,34,49
Nepal,Primary Health Care (PHC) Expenditure per Capita in US$,37,44,
Sri Lanka,Current Health Expenditure (CHE) per Capita in US$,152,157,146
Sri Lanka,Current Health Expenditure (CHE),"3,429","3,567","3,324"
Sri Lanka,Out-of-pocket (OOPS) as % of Current Health Expenditure (CHE),44,43,40
Sri Lanka,Out-of-Pocket Expenditure (OOPS) per Capita in US$,67,68,59
Thailand,Current Health Expenditure (CHE) per Capita in US$,304,364,370
Thailand,Current Health Expenditure (CHE),"21,806","26,089","26,540"
Thailand,Out-of-pocket (OOPS) as % of Current Health Expenditure (CHE),11,9,9
Thailand,Out-of-Pocket Expenditure (OOPS) per Capita in US$,32,33,34
Thailand,Primary Health Care (PHC) Expenditure per Capita in US$,,,216
Timor-Leste,Current Health Expenditure (CHE) per Capita in US$,118,132,175
Timor-Leste,Current Health Expenditure (CHE),157,178,240
Timor-Leste,Out-of-pocket (OOPS) as % of Current Health Expenditure (CHE),7,6,5
Timor-Leste,Out-of-Pocket Expenditure (OOPS) per Capita in US$,8,8,10
Australia,Current Health Expenditure (CHE) per Capita in US$,"5,953","7,040","6,731"
Australia,Current Health Expenditure (CHE),"153,250","182,722","176,359"
Australia,Out-of-pocket (OOPS) as % of Current Health Expenditure (CHE),15,14,15
Australia,Out-of-Pocket Expenditure (OOPS) per Capita in US$,886,974,"1,029"
Australia,Primary Health Care (PHC) Expenditure per Capita in US$,"2,133","2,639",
Brunei Darussalam,Current Health Expenditure (CHE) per Capita in US$,658,666,666
Brunei Darussalam,Current Health Expenditure (CHE),294,301,303
Brunei Darussalam,Out-of-pocket (OOPS) as % of Current Health Expenditure (CHE),6,7,8
Brunei Darussalam,Out-of-Pocket Expenditure (OOPS) per Capita in US$,38,46,51
Cambodia,Current Health Expenditure (CHE) per Capita in US$,110,120,110
Cambodia,Current Health Expenditure (CHE),"1,840","2,031","1,884"
Cambodia,Out-of-pocket (OOPS) as % of Current Health Expenditure (CHE),62,55,61
Cambodia,Out-of-Pocket Expenditure (OOPS) per Capita in US$,68,66,67
China,Current Health Expenditure (CHE) per Capita in US$,583,670,672
China,Current Health Expenditure (CHE),"831,350","956,082","958,364"
China,Out-of-pocket (OOPS) as % of Current Health Expenditure (CHE),35,34,34
China,Out-of-Pocket Expenditure (OOPS) per Capita in US$,203,231,226
Cook Islands,Current Health Expenditure (CHE) per Capita in US$,"1,057","1,163","1,130"
Cook Islands,Current Health Expenditure (CHE),17,18,17
Cook Islands,Out-of-pocket (OOPS) as % of Current Health Expenditure (CHE),2,2,2
Cook Islands,Out-of-Pocket Expenditure (OOPS) per Capita in US$,17,20,27
Fiji,Current Health Expenditure (CHE) per Capita in US$,256,332,217
Fiji,Current Health Expenditure (CHE),234,304,200
Fiji,Out-of-pocket (OOPS) as % of Current Health Expenditure (CHE),23,25,8
Fiji,Out-of-Pocket Expenditure (OOPS) per Capita in US$,59,82,17
Fiji,Primary Health Care (PHC) Expenditure per Capita in US$,,,114
Japan,Current Health Expenditure (CHE) per Capita in US$,"4,487","4,483","3,889"
Japan,Current Health Expenditure (CHE),"566,683","563,373","486,160"
Japan,Out-of-pocket (OOPS) as % of Current Health Expenditure (CHE),12,12,11
Japan,Out-of-Pocket Expenditure (OOPS) per Capita in US$,525,526,427
Kiribati,Current Health Expenditure (CHE) per Capita in US$,239,263,218
Kiribati,Current Health Expenditure (CHE),30,34,28
Kiribati,Out-of-pocket (OOPS) as % of Current Health Expenditure (CHE),1,1,1
Kiribati,Out-of-Pocket Expenditure (OOPS) per Capita in US$,2,2,2
Lao People's Democratic Republic,Current Health Expenditure (CHE) per Capita in US$,52,69,41
Lao People's Democratic Republic,Current Health Expenditure (CHE),382,511,313
Lao People's Democratic Republic,Out-of-pocket (OOPS) as % of Current Health Expenditure (CHE),41,31,29
Lao People's Democratic Republic,Out-of-Pocket Expenditure (OOPS) per Capita in US$,21,21,12
Malaysia,Current Health Expenditure (CHE) per Capita in US$,407,477,458
Malaysia,Current Health Expenditure (CHE),"13,777","16,351","15,898"
Malaysia,Out-of-pocket (OOPS) as % of Current Health Expenditure (CHE),34,32,38
Malaysia,Out-of-Pocket Expenditure (OOPS) per Capita in US$,139,153,174
Malaysia,Primary Health Care (PHC) Expenditure per Capita in US$,180,229,
Marshall Islands,Current Health Expenditure (CHE) per Capita in US$,687,782,758
Marshall Islands,Current Health Expenditure (CHE),29,32,30
Marshall Islands,Out-of-pocket (OOPS) as % of Current Health Expenditure (CHE),1,1,1
Marshall Islands,Out-of-Pocket Expenditure (OOPS) per Capita in US$,9,9,9
Micronesia (Federated States of),Current Health Expenditure (CHE) per Capita in US$,403,399,397
Micronesia (Federated States of),Current Health Expenditure (CHE),45,45,44
Micronesia (Federated States of),Out-of-pocket (OOPS) as % of Current Health Expenditure (CHE),3,3,3
Micronesia (Federated States of),Out-of-Pocket Expenditure (OOPS) per Capita in US$,11,11,11
Mongolia,Current Health Expenditure (CHE) per Capita in US$,189,330,448
Mongolia,Current Health Expenditure (CHE),621,"1,102","1,518"
Mongolia,Out-of-pocket (OOPS) as % of Current Health Expenditure (CHE),44,31,39
Mongolia,Out-of-Pocket Expenditure (OOPS) per Capita in US$,83,102,175
Mongolia,Primary Health Care (PHC) Expenditure per Capita in US$,97,142,135
Nauru,Current Health Expenditure (CHE) per Capita in US$,"1,271","1,809","2,264"
Nauru,Current Health Expenditure (CHE),15,21,27
Nauru,Out-of-pocket (OOPS) as % of Current Health Expenditure (CHE),1,1,0
Nauru,Out-of-Pocket Expenditure (OOPS) per Capita in US$,10,11,11
New Zealand,Current Health Expenditure (CHE) per Capita in US$,"4,215","4,967","4,804"
New Zealand,Current Health Expenditure (CHE),"21,367","25,372","24,655"
New Zealand,Out-of-pocket (OOPS) as % of Current Health Expenditure (CHE),11,12,12
New Zealand,Out-of-Pocket Expenditure (OOPS) per Capita in US$,481,575,561
Niue,Current Health Expenditure (CHE) per Capita in US$,"1,451","2,239","2,288"
Niue,Current Health Expenditure (CHE),3,4,4
Niue,Out-of-pocket (OOPS) as % of Current Health Expenditure (CHE),1,0,0
Niue,Out-of-Pocket Expenditure (OOPS) per Capita in US$,11,10,9
Palau,Current Health Expenditure (CHE) per Capita in US$,"1,934","1,917","1,979"
Palau,Current Health Expenditure (CHE),34,34,35
Palau,Out-of-pocket (OOPS) as % of Current Health Expenditure (CHE),16,16,17
Palau,Out-of-Pocket Expenditure (OOPS) per Capita in US$,312,311,328
Papua New Guinea,Current Health Expenditure (CHE) per Capita in US$,56,61,81
Papua New Guinea,Current Health Expenditure (CHE),549,611,828
Papua New Guinea,Out-of-pocket (OOPS) as % of Current Health Expenditure (CHE),10,10,9
Papua New Guinea,Out-of-Pocket Expenditure (OOPS) per Capita in US$,6,6,8
Philippines,Current Health Expenditure (CHE) per Capita in US$,167,208,183
Philippines,Current Health Expenditure (CHE),"18,674","23,547","20,848"
Philippines,Out-of-pocket (OOPS) as % of Current Health Expenditure (CHE),45,41,45
Philippines,Out-of-Pocket Expenditure (OOPS) per Capita in US$,74,86,82
Republic of Korea,Current Health Expenditure (CHE) per Capita in US$,"2,649","3,142","3,050"
Republic of Korea,Current Health Expenditure (CHE),"137,390","162,883","157,920"
Republic of Korea,Out-of-pocket (OOPS) as % of Current Health Expenditure (CHE),30,30,29
Republic of Korea,Out-of-Pocket Expenditure (OOPS) per Capita in US$,807,941,878
Samoa,Current Health Expenditure (CHE) per Capita in US$,257,270,236
Samoa,Current Health Expenditure (CHE),54,58,51
Samoa,Out-of-pocket (OOPS) as % of Current Health Expenditure (CHE),11,11,12
Samoa,Out-of-Pocket Expenditure (OOPS) per Capita in US$,28,30,29
Singapore,Current Health Expenditure (CHE) per Capita in US$,"3,492","4,044","4,321"
Singapore,Current Health Expenditure (CHE),"19,628","22,430","24,410"
Singapore,Out-of-pocket (OOPS) as % of Current Health Expenditure (CHE),25,24,25
Singapore,Out-of-Pocket Expenditure (OOPS) per Capita in US$,865,976,"1,069"
Solomon Islands,Current Health Expenditure (CHE) per Capita in US$,101,99,97
Solomon Islands,Current Health Expenditure (CHE),75,75,76
Solomon Islands,Out-of-pocket (OOPS) as % of Current Health Expenditure (CHE),3,4,4
Solomon Islands,Out-of-Pocket Expenditure (OOPS) per Capita in US$,3,4,4
Tonga,Current Health Expenditure (CHE) per Capita in US$,256,342,378
Tonga,Current Health Expenditure (CHE),27,36,40
Tonga,Out-of-pocket (OOPS) as % of Current Health Expenditure (CHE),4,3,3
Tonga,Out-of-Pocket Expenditure (OOPS) per Capita in US$,11,12,11
Tuvalu,Current Health Expenditure (CHE) per Capita in US$,923,"1,152","1,085"
Tuvalu,Current Health Expenditure (CHE),10,12,11
Tuvalu,Out-of-pocket (OOPS) as % of Current Health Expenditure (CHE),0,0,0
Tuvalu,Out-of-Pocket Expenditure (OOPS) per Capita in US$,4,4,4
Vanuatu,Current Health Expenditure (CHE) per Capita in US$,125,141,135
Vanuatu,Current Health Expenditure (CHE),37,43,42
Vanuatu,Out-of-pocket (OOPS) as % of Current Health Expenditure (CHE),8,7,8
Vanuatu,Out-of-Pocket Expenditure (OOPS) per Capita in US$,11,10,10
Viet Nam,Current Health Expenditure (CHE) per Capita in US$,153,168,189
Viet Nam,Current Health Expenditure (CHE),"15,016","16,629","18,829"
Viet Nam,Out-of-pocket (OOPS) as % of Current Health Expenditure (CHE),42,40,40
Viet Nam,Out-of-Pocket Expenditure (OOPS) per Capita in US$,65,68,75
